content_id,title,genre,content_type,duration_minutes,release_year,age_rating
1,Title_1,thriller,episode,97,2011,PG-13
2,Title_2,documentary,movie,104,1996,R
3,Title_3,romance,movie,117,2011,18+
4,Title_4,action,episode,62,2019,18+
5,Title_5,drama,episode,83,2005,R
6,Title_6,comedy,movie,58,2004,PG-13
7,Title_7,documentary,movie,122,1994,18+
8,Title_8,documentary,episode,123,1992,PG-13
9,Title_9,romance,movie,104,2012,PG-13
10,Title_10,drama,movie,34,1999,18+
11,Title_11,drama,movie,141,1994,PG
12,Title_12,action,episode,148,2012,PG
13,Title_13,thriller,movie,117,2004,PG-13
14,Title_14,thriller,episode,78,2007,18+
15,Title_15,thriller,episode,93,2014,PG
16,Title_16,documentary,episode,94,1997,R
17,Title_17,documentary,episode,128,2020,PG-13
18,Title_18,comedy,movie,81,2010,PG
19,Title_19,documentary,episode,29,1991,18+
20,Title_20,documentary,movie,36,2011,18+
21,Title_21,drama,episode,17,1997,PG-13
22,Title_22,comedy,episode,94,2012,18+
23,Title_23,drama,movie,70,2021,R
24,Title_24,action,episode,12,1997,R
25,Title_25,action,episode,16,1993,PG
26,Title_26,comedy,movie,13,2019,18+
27,Title_27,comedy,episode,142,2008,R
28,Title_28,documentary,episode,148,2012,PG-13
29,Title_29,action,episode,134,2007,18+
30,Title_30,romance,movie,24,2018,PG
31,Title_31,thriller,episode,22,2012,PG-13
32,Title_32,documentary,movie,127,2022,PG-13
33,Title_33,thriller,movie,16,2007,PG-13
34,Title_34,action,movie,113,2022,R
35,Title_35,thriller,episode,15,1996,PG-13
36,Title_36,romance,episode,73,2017,R
37,Title_37,romance,episode,39,1990,PG-13
38,Title_38,drama,episode,31,2023,R
39,Title_39,comedy,movie,127,2008,18+
40,Title_40,thriller,movie,93,2020,R
41,Title_41,romance,episode,142,2002,R
42,Title_42,comedy,episode,99,2013,18+
43,Title_43,comedy,movie,130,1994,PG-13
44,Title_44,drama,episode,115,2012,18+
45,Title_45,comedy,episode,78,2008,PG-13
46,Title_46,comedy,episode,104,1990,R
47,Title_47,documentary,episode,86,2022,PG-13
48,Title_48,action,episode,10,2022,R
49,Title_49,drama,episode,71,2021,PG-13
50,Title_50,drama,movie,27,2017,R
51,Title_51,thriller,movie,57,2001,R
52,Title_52,comedy,movie,146,1998,PG
53,Title_53,thriller,movie,10,2000,PG-13
54,Title_54,documentary,episode,146,2022,PG-13
55,Title_55,romance,episode,116,2008,PG
56,Title_56,comedy,movie,139,2023,R
57,Title_57,romance,movie,47,1996,R
58,Title_58,action,movie,49,2020,PG
59,Title_59,documentary,movie,91,1991,PG
60,Title_60,comedy,movie,25,2008,18+
61,Title_61,thriller,episode,136,2021,R
62,Title_62,thriller,episode,126,1999,18+
63,Title_63,comedy,movie,102,1997,PG-13
64,Title_64,thriller,movie,143,2015,18+
65,Title_65,comedy,episode,12,2019,PG
66,Title_66,drama,episode,23,2000,PG
67,Title_67,thriller,episode,75,2009,PG
68,Title_68,comedy,movie,104,2009,PG
69,Title_69,comedy,episode,95,1998,18+
70,Title_70,thriller,movie,123,1997,18+
71,Title_71,drama,movie,138,2004,18+
72,Title_72,thriller,episode,24,2023,PG
73,Title_73,comedy,episode,46,2013,PG
74,Title_74,drama,episode,36,2022,R
75,Title_75,romance,movie,21,2016,R
76,Title_76,action,episode,76,2010,PG
77,Title_77,thriller,episode,39,1994,R
78,Title_78,documentary,movie,105,2010,PG-13
79,Title_79,comedy,episode,144,1993,PG-13
80,Title_80,drama,episode,43,2005,PG
81,Title_81,drama,movie,41,2020,18+
82,Title_82,romance,movie,126,2015,PG-13
83,Title_83,thriller,movie,48,1995,PG-13
84,Title_84,documentary,movie,105,2022,18+
85,Title_85,drama,movie,140,2010,R
86,Title_86,romance,episode,52,2005,18+
87,Title_87,comedy,episode,90,2023,R
88,Title_88,romance,movie,12,2004,R
89,Title_89,thriller,episode,83,1995,18+
90,Title_90,romance,episode,126,1991,R
91,Title_91,drama,movie,72,2013,PG-13
92,Title_92,drama,movie,120,2017,PG
93,Title_93,action,movie,49,1990,R
94,Title_94,romance,episode,27,1990,PG-13
95,Title_95,comedy,movie,76,2017,18+
96,Title_96,documentary,episode,112,2009,R
97,Title_97,documentary,episode,147,1997,PG-13
98,Title_98,thriller,episode,55,1990,R
99,Title_99,action,episode,64,2015,18+
100,Title_100,romance,movie,84,2014,PG
101,Title_101,comedy,episode,106,1999,R
102,Title_102,action,movie,35,2001,PG
103,Title_103,drama,episode,31,1996,R
104,Title_104,thriller,movie,35,2001,R
105,Title_105,romance,movie,82,2006,18+
106,Title_106,documentary,movie,124,1994,R
107,Title_107,comedy,episode,60,2003,PG-13
108,Title_108,drama,episode,122,2023,PG-13
109,Title_109,action,episode,21,2006,PG
110,Title_110,thriller,movie,12,1990,PG
111,Title_111,action,episode,129,2004,PG-13
112,Title_112,documentary,episode,144,2008,PG
113,Title_113,action,episode,143,1994,PG
114,Title_114,comedy,movie,91,2008,PG-13
115,Title_115,drama,episode,54,1994,PG-13
116,Title_116,romance,episode,136,2001,PG-13
117,Title_117,comedy,movie,95,2008,18+
118,Title_118,documentary,movie,124,2001,18+
119,Title_119,thriller,movie,18,2001,PG-13
120,Title_120,documentary,movie,21,2007,R
121,Title_121,documentary,movie,125,2023,PG-13
122,Title_122,action,movie,97,2022,18+
123,Title_123,thriller,episode,71,2007,PG
124,Title_124,comedy,episode,113,2018,R
125,Title_125,documentary,movie,82,1994,R
126,Title_126,comedy,episode,86,2014,PG
127,Title_127,romance,movie,49,2013,R
128,Title_128,action,episode,144,2018,PG
129,Title_129,comedy,movie,26,2022,18+
130,Title_130,thriller,movie,128,1999,R
131,Title_131,documentary,episode,135,2022,R
132,Title_132,romance,episode,33,2012,PG
133,Title_133,thriller,episode,11,2000,PG
134,Title_134,action,episode,101,2013,18+
135,Title_135,romance,episode,126,2013,PG
136,Title_136,romance,episode,62,1996,PG
137,Title_137,romance,episode,55,2010,18+
138,Title_138,documentary,episode,54,2009,PG-13
139,Title_139,drama,movie,18,1999,PG-13
140,Title_140,romance,episode,15,2014,PG
141,Title_141,thriller,episode,60,2004,18+
142,Title_142,thriller,movie,128,1995,PG-13
143,Title_143,action,movie,44,1991,18+
144,Title_144,comedy,movie,91,2001,PG
145,Title_145,comedy,movie,34,1993,PG
146,Title_146,drama,episode,148,2012,18+
147,Title_147,documentary,episode,26,2002,R
148,Title_148,documentary,movie,45,2006,PG
149,Title_149,romance,movie,105,2020,PG
150,Title_150,drama,episode,30,2005,PG
151,Title_151,action,episode,27,2015,PG
152,Title_152,action,episode,10,2017,18+
153,Title_153,comedy,episode,145,1990,18+
154,Title_154,action,movie,60,2001,18+
155,Title_155,romance,episode,88,2009,18+
156,Title_156,thriller,movie,45,1991,R
157,Title_157,action,movie,71,2004,18+
158,Title_158,drama,movie,138,2011,18+
159,Title_159,romance,episode,94,2021,PG
160,Title_160,action,movie,51,2009,R
161,Title_161,documentary,episode,10,2022,PG
162,Title_162,action,movie,63,2004,R
163,Title_163,documentary,episode,109,1992,PG-13
164,Title_164,romance,movie,48,2018,R
165,Title_165,action,movie,16,2016,R
166,Title_166,documentary,episode,130,1994,PG
167,Title_167,thriller,episode,54,2020,R
168,Title_168,comedy,movie,83,2011,R
169,Title_169,romance,movie,129,1996,PG
170,Title_170,documentary,episode,81,1995,PG-13
171,Title_171,drama,movie,147,2015,PG-13
172,Title_172,action,episode,55,1990,PG-13
173,Title_173,documentary,episode,132,2008,R
174,Title_174,documentary,movie,127,1996,PG
175,Title_175,documentary,episode,84,2001,PG-13
176,Title_176,comedy,movie,15,2009,PG-13
177,Title_177,drama,episode,30,2012,PG-13
178,Title_178,drama,episode,112,2014,PG-13
179,Title_179,thriller,movie,97,2019,PG
180,Title_180,comedy,episode,108,2018,PG-13
181,Title_181,documentary,movie,71,2020,R
182,Title_182,romance,episode,116,2007,R
183,Title_183,comedy,episode,92,2008,PG
184,Title_184,comedy,episode,65,1993,18+
185,Title_185,drama,episode,31,1990,PG-13
186,Title_186,thriller,movie,77,2004,PG-13
187,Title_187,thriller,episode,19,1997,R
188,Title_188,comedy,episode,75,2004,PG
189,Title_189,comedy,episode,17,2004,18+
190,Title_190,action,movie,132,2011,R
191,Title_191,documentary,movie,47,2007,18+
192,Title_192,drama,movie,132,2005,PG
193,Title_193,documentary,movie,71,1991,PG
194,Title_194,romance,episode,147,2009,PG
195,Title_195,romance,episode,54,2005,R
196,Title_196,thriller,episode,74,1992,PG
197,Title_197,drama,movie,76,2019,R
198,Title_198,documentary,movie,146,1991,R
199,Title_199,thriller,episode,142,2015,PG-13
200,Title_200,romance,episode,115,1994,R
201,Title_201,comedy,episode,147,1991,R
202,Title_202,drama,movie,149,2009,PG-13
203,Title_203,drama,episode,91,2023,18+
204,Title_204,documentary,episode,67,2023,PG-13
205,Title_205,action,movie,140,2009,PG-13
206,Title_206,documentary,movie,78,2014,PG
207,Title_207,comedy,episode,98,2009,PG
208,Title_208,comedy,movie,73,2014,PG-13
209,Title_209,thriller,episode,81,2003,PG
210,Title_210,drama,episode,26,2001,PG-13
211,Title_211,thriller,episode,82,1994,PG
212,Title_212,comedy,episode,79,1991,R
213,Title_213,action,movie,122,2005,PG
214,Title_214,drama,movie,30,2019,PG
215,Title_215,comedy,movie,144,2013,R
216,Title_216,action,episode,16,2019,PG-13
217,Title_217,documentary,episode,120,2000,PG
218,Title_218,romance,episode,36,2003,PG
219,Title_219,comedy,movie,17,2012,R
220,Title_220,romance,movie,37,2005,R
221,Title_221,thriller,episode,56,2010,R
222,Title_222,romance,movie,95,1993,18+
223,Title_223,comedy,movie,19,2022,R
224,Title_224,romance,movie,123,2003,PG-13
225,Title_225,drama,movie,42,2008,PG
226,Title_226,comedy,episode,144,1994,PG
227,Title_227,action,movie,140,2020,18+
228,Title_228,romance,episode,23,2007,PG
229,Title_229,drama,movie,55,2020,PG
230,Title_230,thriller,episode,70,2019,PG-13
231,Title_231,thriller,episode,22,2010,PG
232,Title_232,romance,movie,25,2019,PG-13
233,Title_233,thriller,episode,142,1993,18+
234,Title_234,action,episode,47,1994,PG-13
235,Title_235,comedy,movie,47,1999,R
236,Title_236,drama,episode,112,2016,R
237,Title_237,documentary,movie,65,2005,18+
238,Title_238,romance,episode,72,2019,PG
239,Title_239,thriller,movie,129,2002,PG-13
240,Title_240,comedy,movie,57,2010,R
241,Title_241,documentary,movie,114,2004,PG-13
242,Title_242,action,movie,68,2009,R
243,Title_243,thriller,movie,86,2009,PG-13
244,Title_244,thriller,episode,136,1994,PG
245,Title_245,drama,episode,64,2021,18+
246,Title_246,action,movie,64,1995,PG
247,Title_247,action,episode,138,2019,PG-13
248,Title_248,romance,episode,145,2015,R
249,Title_249,documentary,episode,136,2002,R
250,Title_250,drama,movie,141,2018,18+
251,Title_251,romance,movie,94,1994,PG
252,Title_252,drama,episode,124,2014,PG
253,Title_253,action,movie,67,2002,PG
254,Title_254,drama,movie,46,2013,R
255,Title_255,drama,episode,58,2020,18+
256,Title_256,drama,movie,76,2009,R
257,Title_257,comedy,movie,28,1997,PG
258,Title_258,comedy,movie,138,1998,PG-13
259,Title_259,documentary,movie,38,2010,R
260,Title_260,documentary,movie,96,2009,18+
261,Title_261,action,episode,42,2004,PG
262,Title_262,drama,movie,128,2015,PG-13
263,Title_263,action,movie,142,2000,R
264,Title_264,comedy,episode,80,2000,PG-13
265,Title_265,drama,episode,143,2016,PG-13
266,Title_266,romance,movie,31,2019,18+
267,Title_267,comedy,episode,86,2008,R
268,Title_268,comedy,movie,13,2023,18+
269,Title_269,comedy,episode,81,2012,PG
270,Title_270,drama,movie,137,1990,PG-13
271,Title_271,documentary,episode,54,1992,18+
272,Title_272,thriller,movie,145,1992,18+
273,Title_273,romance,episode,102,2017,PG
274,Title_274,romance,movie,14,2003,R
275,Title_275,action,movie,113,2019,18+
276,Title_276,drama,movie,90,1994,PG-13
277,Title_277,documentary,episode,96,2004,PG-13
278,Title_278,comedy,episode,146,2003,PG-13
279,Title_279,thriller,movie,139,2003,PG-13
280,Title_280,drama,movie,72,1997,18+
281,Title_281,drama,movie,60,1997,PG-13
282,Title_282,documentary,movie,125,2008,18+
283,Title_283,thriller,episode,122,2021,R
284,Title_284,comedy,episode,40,2020,PG-13
285,Title_285,drama,episode,16,2018,R
286,Title_286,romance,movie,12,2000,18+
287,Title_287,romance,movie,60,2002,PG
288,Title_288,thriller,episode,65,2016,R
289,Title_289,comedy,episode,82,2008,PG-13
290,Title_290,thriller,episode,19,2015,PG
291,Title_291,drama,episode,70,1998,R
292,Title_292,romance,movie,59,2017,18+
293,Title_293,action,movie,131,2021,18+
294,Title_294,thriller,movie,10,1992,18+
295,Title_295,action,episode,47,2021,R
296,Title_296,action,movie,88,1994,18+
297,Title_297,documentary,episode,98,1997,R
298,Title_298,romance,episode,91,2003,PG-13
299,Title_299,thriller,episode,76,1992,PG-13
300,Title_300,action,episode,26,2013,R
301,Title_301,drama,episode,136,2002,R
302,Title_302,documentary,movie,121,2018,PG
303,Title_303,comedy,movie,145,1997,18+
304,Title_304,documentary,movie,69,2020,PG-13
305,Title_305,comedy,episode,49,2015,PG-13
306,Title_306,romance,movie,98,2007,PG
307,Title_307,thriller,episode,50,2007,R
308,Title_308,thriller,movie,149,1996,R
309,Title_309,comedy,episode,124,2005,PG
310,Title_310,drama,episode,109,2022,18+
311,Title_311,comedy,movie,126,1992,R
312,Title_312,comedy,episode,98,1993,R
313,Title_313,thriller,movie,102,1993,18+
314,Title_314,action,movie,148,1998,18+
315,Title_315,drama,movie,69,2006,PG
316,Title_316,thriller,episode,77,2006,PG
317,Title_317,documentary,episode,87,2022,PG
318,Title_318,comedy,episode,55,2009,R
319,Title_319,action,episode,47,2003,PG
320,Title_320,drama,movie,26,2011,R
321,Title_321,romance,episode,75,2016,PG-13
322,Title_322,drama,movie,45,1992,18+
323,Title_323,drama,movie,83,2013,18+
324,Title_324,comedy,episode,16,2019,PG-13
325,Title_325,comedy,episode,25,1997,PG
326,Title_326,romance,movie,23,2011,R
327,Title_327,romance,episode,89,2014,R
328,Title_328,romance,movie,34,1999,R
329,Title_329,thriller,episode,114,2018,18+
330,Title_330,thriller,episode,13,1990,PG
331,Title_331,comedy,movie,136,2010,R
332,Title_332,comedy,movie,65,2013,R
333,Title_333,romance,movie,15,1998,R
334,Title_334,thriller,episode,138,2015,PG-13
335,Title_335,action,episode,138,1998,R
336,Title_336,thriller,episode,124,2009,PG-13
337,Title_337,comedy,movie,66,1998,R
338,Title_338,thriller,movie,74,2011,R
339,Title_339,comedy,episode,74,1990,R
340,Title_340,romance,movie,112,1994,PG-13
341,Title_341,romance,episode,30,1998,R
342,Title_342,romance,movie,42,2008,PG
343,Title_343,action,episode,31,1997,R
344,Title_344,action,episode,119,2021,PG-13
345,Title_345,comedy,episode,13,2002,PG-13
346,Title_346,drama,movie,149,2009,PG
347,Title_347,documentary,movie,83,2019,18+
348,Title_348,action,episode,128,1999,PG
349,Title_349,comedy,episode,102,2020,PG
350,Title_350,thriller,episode,74,2014,PG-13
351,Title_351,romance,episode,74,2018,R
352,Title_352,romance,episode,19,2013,R
353,Title_353,romance,episode,56,2010,18+
354,Title_354,comedy,movie,75,1998,18+
355,Title_355,romance,movie,58,1991,18+
356,Title_356,action,movie,31,1993,18+
357,Title_357,thriller,movie,95,1997,PG
358,Title_358,romance,episode,35,2021,PG
359,Title_359,comedy,episode,146,2003,R
360,Title_360,thriller,episode,104,2002,PG
361,Title_361,romance,movie,116,2010,R
362,Title_362,drama,movie,143,2013,R
363,Title_363,romance,episode,23,2007,R
364,Title_364,documentary,movie,80,2015,R
365,Title_365,action,movie,84,2021,PG-13
366,Title_366,thriller,episode,129,2022,R
367,Title_367,action,episode,121,2020,PG
368,Title_368,drama,episode,60,2007,PG
369,Title_369,drama,movie,139,2001,PG
370,Title_370,documentary,episode,45,2014,PG
371,Title_371,action,episode,127,2020,PG-13
372,Title_372,thriller,episode,13,1999,18+
373,Title_373,drama,movie,15,2023,18+
374,Title_374,drama,movie,119,1992,R
375,Title_375,romance,episode,108,1997,R
376,Title_376,documentary,episode,131,2021,PG
377,Title_377,comedy,movie,126,2018,PG
378,Title_378,drama,movie,105,2011,18+
379,Title_379,thriller,episode,76,2009,18+
380,Title_380,thriller,movie,129,1995,PG
381,Title_381,romance,episode,24,2018,R
382,Title_382,thriller,episode,26,2006,PG-13
383,Title_383,romance,movie,27,2020,PG-13
384,Title_384,drama,episode,124,2023,18+
385,Title_385,drama,episode,85,1993,18+
386,Title_386,drama,movie,97,1991,18+
387,Title_387,drama,episode,100,2001,PG-13
388,Title_388,comedy,movie,57,1995,PG-13
389,Title_389,documentary,episode,24,1997,PG
390,Title_390,documentary,episode,132,2010,R
391,Title_391,comedy,movie,136,2004,18+
392,Title_392,drama,movie,107,1996,PG
393,Title_393,thriller,movie,93,2004,PG-13
394,Title_394,romance,movie,50,1995,PG
395,Title_395,documentary,movie,105,2006,PG-13
396,Title_396,action,movie,77,1993,R
397,Title_397,romance,episode,14,2011,PG-13
398,Title_398,action,movie,62,2021,PG
399,Title_399,action,episode,131,2011,R
400,Title_400,drama,movie,145,2016,PG-13
